{
  "eta": 0.043441650245741606,
  "max_depth": 6,
  "min_child_weight": 1,
  "subsample": 0.8709615616924236,
  "colsample_bytree": 0.7674760309884169,
  "reg_alpha": 0.026393913928938625,
  "reg_lambda": 0.3311881413694029
}